OBJECTID,YEARCOMPLETE,PROJECTNAME,DEVELOPERNAME,ADDRESS,PROJECTTYPE,TOTALUNITS
1,1995,MANSION COURT I,PENNROSE,1800 NORTH 32ND STREET,Rental,31
2,1995,GRATZ COMMONS,ACDC,2122 N GRATZ ST,Rental,39
3,1995,JARDINES DEL BORINQUEN I,APM,2024 N 6TH ST,Rental,45
4,1995,SARAH ALLEN II,FRIENDS REHABILITATION PROGRAM,4035 PARRISH ST,Rental,36
5,1995,MODEL CITIES #6,MICHAELS DEVELOPMENT,2200 N 13TH ST,Rental,70
6,1995,FAIRMOUNT,INGERMAN,717 N 16TH ST,Rental,33
7,1996,GENESIS II,GENESIS/TARA,1239 SPRING GARDEN ST,Special Needs,20
8,1996,KEARSLEY,KEARSLEY/CHRIST CH HOSP,2100 N 49TH ST,Rental,60
9,1996,ST. ELIZABETH'S,PROJECT HOME,1850 N CROSKEY ST,Special Needs,24
10,1996,LOWER GERMANTOWN II,GGHDC,50 COLLOM ST,Rental,34
11,1996,HESTONVILLE,"PHILA NHS, INGERMAN",5400 LANSDOWNE AVE,Rental,30
12,1995,GERMANTOWN YMCA,GERMANTOWN Y,5722 GREENE ST,Special Needs,128
13,1996,OGONTZ III,OARC,7100 OGONTZ AVE,Rental,15
14,1997,HAWTHORNE IV,HAWTHORNE CDC,1236 CATHARINE ST,Rental,4
15,1997,EDGEWOOD MANOR II,"INGERMAN, REISNER",1508 W ALLEGHENY AVE,Rental,56
16,1997,1515 FAIRMOUNT,PROJECT HOME,1515 FAIRMOUNT AVENUE,Special Needs,48
17,1997,MANSION COURT II,PENNROSE,2000 N 32ND ST,Rental,19
18,1997,JARDINES DE BORINQUEN II,APM,2016 N MARSHALL ST,Rental,45
19,1997,PROJECTO ESCALERA,APM,2353 GERMANTOWN AVE,Special Needs,27
20,1997,LEHIGH PARK II,CANUS,2622 N LAWRENCE ST,Rental,48
21,1997,HOPE HAVEN II,PROJECT HOME,2825 DIAMOND ST,Special Needs,10
22,1997,DIAMOND III,PENNROSE,3200 DIAMOND ST,Rental,35
23,1997,BRENTWOOD,"PENNROSE, JIM BROWN",4120 PARKSIDE AVE,Rental,44
24,1997,81 E HIGH,RESOURCES FOR HUMAN DEVELOPMENT,81 HIGH ST,Special Needs,15
25,1996,ARTIST VILLAGE,"REGIS GROUP, SOSNA",700 S 17TH ST,Rental,36
26,1998,ST. JOSEPH'S,KAHAN/FRANKLIN CAPITAL,1527 W ALLEGHENY AVE,Rental,62
27,1998,VILLAS DEL CARIBE,HACE,161 WEST ALLEGHENY AVENUE,Rental,81
28,1998,CECIL B. MOORE VILLAGE,"INGERMAN, REGIS GROUP",1614 N 16TH ST,Rental,34
29,1998,STATION HOUSE,INGERMAN,2601 N BROAD ST,Special Needs,108
30,1998,KINGS VILLAGE,ALTMAN,2737 TITAN ST,Rental,21
31,1995,LOS BALCONES,NORRIS SQUARE,100 WEST NORRIS STREET,Rental,21
32,1997,TIOGA GARDENS,"CLERGY, PENNROSE",1801 W TIOGA ST,Rental,33
33,1998,IMANI HOMES,PEC,4115 BARING ST,Special Needs,24
34,1998,JAMESON COURT,WEST MILL CREEK ASSOCIATES II,4435 PARRISH STREET,Rental,72
35,1998,REED STREET,1260 HOUSING DEVELOPMENT CORPORATION,501 REED ST,Special Needs,18
36,1998,ST. COLUMBA'S,PROJECT HOME,4133 CHESTNUT ST,Special Needs,40
37,1998,SOUTH 55TH STREET,S. 55TH STREET L.P.,800 S 55TH ST,Rental,20
38,1998,BELMONT AFFORDABLE,THOMAS,905 BELMONT AVE,Rental,17
39,1999,EPHRAIM GOLDSTEIN APARTMENTS,JEWISH FEDERATION,12003 BUSTLETON AVE,Rental,63
40,1999,UNIVERSAL COURT,PENNROSE,1601 FEDERAL ST,Rental,32
41,1998,BLAKESTONE HOUSING,GGHDC,6657 BLAKEMORE ST,Rental,19
42,1999,CALCUTTA HOUSE EXP,CALCUTTA HOUSE,1607 W GIRARD AVE,Special Needs,6
43,1998,JOHNNIE TILLMON HOMES,WCRP,1327 N ORIANNA ST,Rental,21
44,1999,CENTER CITY Y,"INGERMAN, CENTER CITY Y",2027 CHESTNUT ST,Special Needs,60
45,1998,MY BROTHERS HOUSE,BETHESDA,609 SOUTH 15TH STREET,Special Needs,1
46,1999,HORIZON HOUSE I,HORIZON HOUSE,246 S 12TH ST,Special Needs,9
47,1999,HELP I,HELP USA,4807 WESTMINSTER AVE,Special Needs,40
48,1999,BELMONT AFFORDABLE II,THOMAS,4203 W GIRARD AVE,Rental,20
49,1999,HOGAR DE ESPERANZA,APM,2203 GERMANTOWN AVE,Special Needs,20
50,1999,BERNICE ARMS/6000 BALTIMORE,PENNROSE,6000 BALTIMORE AVE,Rental,46
51,1999,BETHESDA TRANSITIONAL,BETHESDA,816 S 20TH ST,Special Needs,16
52,1999,MANOR GLEN,EVANGELICAL SENIOR HOUSING,8401 ROOSEVELT BOULEVARD,Rental,50
53,1999,BROOKS SCHOOL,INGERMAN,5631 HAVERFORD AVENUE,Rental,33
54,2000,OVERINGTON TRANSITIONAL HOUSE,OVERINGTON HOUSING,1528 OVERINGTON ST,Special Needs,13
55,1999,BOOTH MANOR,PHILA BOOTH MANOR,5522 ARCH ST,Rental,50
56,2000,V.A. CENTER,PHILADELPHIA VETERANS CENTER,213 N 4TH ST,Special Needs,
57,2000,BRANTWOOD II,"PARKSIDE, PENNROSE",4144 PARKSIDE AVE,Rental,16
58,2000,HELP II,HELP USA,4807 WESTMINSTER AVE,Special Needs,50
59,2000,CARL MACKLEY,"CANUS, ALTMAN",1401 E BRISTOL ST,Rental,184
60,2000,DIGNITY II PROJECT,DIGNITY HOUSING,5151 WAYNE AVE,Special Needs,16
61,2000,TAINO GARDENS,APM,2200 N 6TH ST,Rental,42
62,2000,UNIVERSAL COURT II,UNIVERSAL COMMUNITY HOMES,800 S 16TH ST,Rental,21
63,2001,VILLAGE HOMES,VILLAGE OF THE ARTS AND HUMANITIES,1012 W HUNTINGDON ST,Homeownership,6
64,2001,POPLAR NEHEMIAH II-B,POPLAR ENTERPRISE DEV CORP,1206 PARRISH ST,Homeownership,57
65,2000,DRUEDING CENTER,DRUEDING CENTER,413 WEST MASTER STREET,Special Needs,0
66,2001,HOMESTART SOUTHWEST CENTER CITY,PHDC,1010 S 18TH ST,Homeownership,1
67,2001,VILLA III,NUEVA ESPERANZA,1322 N HANCOCK ST,Homeownership,7
68,2001,WILMONT MEADOWS,FRANKFORD CDC,1815 WILMOT ST,Homeownership,15
69,2001,KING HIGHWAY II,KAN/KARP,2004 E STELLA ST,Rental,31
70,2001,HOMESTART STRAWBERRY MANSION,PHDC,1968 N NAPA ST,Homeownership,1
71,2001,APM TOWNHOUSES,APM,2147 N 7TH ST,Homeownership,8
72,2001,ST. ANTHONY'S,INGERMAN,2302 MONTROSE ST,Rental,54
73,2001,NORTH PHILA COMMUNITY HELP,NCPH,2705 N 11TH ST,Rental,43
74,2001,SOUTHWARK PLAZA,NEF,301 WASHINGTON AVE,Rental,470
75,2001,NEW KENSINGTON,NEW KENSINGTON CDC,2020 E SERGEANT ST,Homeownership,10
76,2001,YOUTHBUILD,GGHDC,349 HANSBERRY ST,Homeownership,4
77,2001,BELMONT HOMES,FRIENDS REHABILITATION PROGRAM,4012 RENO ST,Homeownership,10
78,2001,CENTER WEST,1260 HOUSING DEVELOPMENT CORPORATION,245 S 46TH ST,Special Needs,17
79,2001,MT. SINAI,MICHAELS DEVELOPMENT,430 REED ST,Rental,37
80,2001,HOMESTART SOUTWEST,PHDC,5936 CHESTER AVE,Homeownership,4
81,2001,PARTNERSHIP HOMES II,PEC,5018 WALNUT ST,Homeownership,9
82,2001,FRANCISVILLE VI,"COMMUNITY VENTURES, FRANCISVILLE CDC",804 N UBER ST,Homeownership,8
83,2002,HOMESTART WP EZ,PHDC,1223 N 53RD ST,Homeownership,3
84,2002,16TH & FEDERAL/COMMONS AT POINT BREEZE,UNIVERSAL COMMUNITY HOMES,1136 S 16TH ST,Rental,53
85,2002,CECIL B. MOORE HOMEOWNERSHIP ZONE I-A,PHDC,1510 N 18TH ST,Homeownership,30
86,2002,FRANCISVILLE IV-B,COMMUNITY VENTURES,1612 SWAIN ST,Homeownership,11
87,2002,DOCTOR'S ROW II,GARY REUBEN,1613 CHRISTIAN ST,Homeownership,10
88,2002,HOMESTART SUSQUEHANNA,PHDC,1626 FRENCH ST,Homeownership,7
89,2002,DIGNITY ENHANCED SERVICE PROJECT,DIGNITY HOUSING,1646 W NEDRO AVE,Special Needs,9
90,2002,HOMESTART LOWER TIOGA,PHDC,1235 W WESTMORELAND ST,Homeownership,4
91,2002,LUDLOW VILLAGE IV,PHDC,1600 N 7TH ST,Homeownership,25
92,2002,VINEYARD PLACE (FRANCISVILLE V),REGIS GROUP,1705 POPLAR ST,Homeownership,14
93,2002,DEVON MANOR,REGIS GROUP,1415 CLEARVIEW ST,Homeownership,14
94,2002,SHELIA BROWN WOMEN'S CENTER,"SHELIA BROWN, UCH",2000 ELLSWORTH ST,Special Needs,9
95,2002,SARAH ALLEN V/BELMONT GARDENS,FRIENDS REHABILITATION PROGRAM,4100 BROWN ST,Rental,27
96,2002,PENSDALE/4200 MITCHELL 202,FRIENDS REHABILITATION PROGRAM,4200 MITCHELL ST,Rental,65
97,2002,210 CLAPIER,RESOURCES FOR HUMAN DEVELOPMENT,210 W CLAPIER ST,Homeownership,1
98,2002,HOMESTART WP EZ,PHDC,4527 PARRISH ST,Homeownership,2
99,2002,HOMESTART WEST PHILA. DUPLEX,PHDC,5623 WYALUSING AVE,Homeownership,2
100,2002,HORIZON HOUSE II,HORIZON HOUSE,6015 LIMEKILN PIKE,Special Needs,18
101,2002,BELMONT AFFORDABLE III,"THOMAS, NEIGBORHOOD RESTORATION",920 BELMONT AVE,Rental,46
102,2002,PROJECT HOPE,HOPE PARTNERS,6818 N 17TH ST,Special Needs,2
103,2003,HOMESTART WP EZ,PHDC,1320 FARSON ST,Homeownership,3
104,2002,FRANCISVILLE ELDERLY,COMMUNITY VENTURES,1708 RIDGE AVE,Rental,42
105,2003,CECIL B. MOORE HOMEOWNERSHIP ZONE I-B,CBM HDC/PHDC,1400 N GRATZ ST,Homeownership,39
106,2003,APM NORRIS STREET HOMEOWNERSHIP,APM,1711 N FRANKLIN ST,Homeownership,50
107,2003,PARTNERSHIP CDC,PARTNERSHIP CDC,14 S 51ST ST,Homeownership,8
108,2003,HOMESTART SOUTHWEST CENTER CITY,PHDC,1914 CARPENTER ST,Homeownership,3
109,2003,PARK AVENUE,PHDC,2240 N PARK AVE,Homeownership,4
110,2003,IMANI HOMES II,PEC,310 N 41ST ST,Special Needs,7
111,2003,PCCO II,"PHDC, PCCO",2506 W SILVER ST,Homeownership,9
112,2003,500 EMILY STREET REVITALIZATION,UNITED COMMUNITIES CDC,514 EMILY ST,Homeownership,5
113,2003,AVONDALE HOUSING,PCAH,110 N PEACH ST,Special Needs,18
114,2004,JEFFERSON SQUARE,JEFFERSON SQUARE CDC,1209 S 4TH ST,Homeownership,6
115,2004,RUBY HOUSING,PCAH,129 N RUBY ST,Special Needs,11
116,2004,CBM HOMEOWNERSHIP ZONE II,PHDC,1400 N BOUVIER ST,Homeownership,43
117,2004,GREENWICH WHITMAN II,COMMUNITY VENTURES,141 DURFOR ST,Homeownership,13
118,2004,CBM HOMEOWNERSHIP ZONE HISTORIC,PHDC,1737 N 18TH ST,Homeownership,6
119,2004,LA TORRE,NORRIS SQUARE,104 W NORRIS ST,Homeownership,10
120,2004,HOMESTART,PHDC,2618 SEYBERT ST,Homeownership,4
121,2004,16TH & FEDERAL/COMMONS AT POINT BREEZE II,UNIVERSAL COMMUNITY HOMES,1133 S 16TH ST,Homeownership,18
122,2004,DIGNITY PROJECT III,DIGNITY HOUSING,235 HANSBERRY ST,Special Needs,8
123,2004,CHINATOWN NORTH II,PHILA CHINATOWN DEV CORP,314 N 9TH ST,Homeownership,10
124,2004,31ST & BERKS,FRIENDS REHABILITATION PROGRAM,3104 W BERKS ST,Homeownership,10
125,2004,BELMONT AFFORDABLE IV,TJ PROPERTIES,4221 PARRISH ST,Rental,11
126,2004,FOP SENIORS,FOP,730 BYBERRY RD,Rental,106
127,2005,WOODCREST,PCAH,104 S CECIL ST,Special Needs,11
128,2005,JEFFERSON SQUARE,JEFFERSON SQUARE CDC,1208 S 5TH ST,Homeownership,24
129,2005,YOUTHBUILD,UNIVERSAL COMMUNITY HOMES,1523 S HICKS ST,Homeownership,2
130,2004,IMANI HOMES III,PEC,301 N 41ST ST,Special Needs,5
131,2005,ANTHONY WAYNE SENIOR,ALTMAN,1701 S 28TH ST,Rental,39
132,2005,KATE'S PLACE,PHILA HOUSING AUTHORITY,1929 SANSOM ST,Rental,144
133,2005,GREENWAY PRESBYTERIAN 202,PRESBY'S INSPIRED LIFE,2050 S 58TH ST,Rental,68
134,2005,YOUTHBUILD,UNIVERSAL COMMUNITY HOMES,2120 CROSS ST,Rental,4
135,2005,NEW COVENANT SENIOR,NEW COVENANT CHURCH,7406 GERMANTOWN AVE,Rental,56
136,2004,PROJECT ADVANTAGE,RESOURCES FOR HUMAN DEVELOPMENT,4700 E ROOSEVELT BLVD,Special Needs,12
137,2006,CARROLL PARK,PHILA NHS,1313 N 59TH ST,Homeownership,7
138,2006,CENTER PARK III ELDERLY,JEWISH FEDERATION,10102 JAMISON AVE,Rental,39
139,2006,BREWERYTOWN HOMESTART,PHDC,1343 N 28TH ST,Homeownership,4
140,2006,NEUMAN NORTH SENIOR,DALE CORPORATION,1601 E PALMER ST,Rental,67
141,2006,PARKSIDE I,COMMUNITY VENTURES,1710 N LINDENWOOD ST,Homeownership,19
142,2006,BREWERYTOWN HOMESTART,PHDC,1728 N 28TH ST,Homeownership,11
143,2006,NEUMANN SENIOR HOUSING,NCC NEUMANN SENIOR HOUSING CORP,1741 FRANKFORD AVE,Rental,70
144,2005,BELMONT AFFORDABLE V,TJ PROPERTIES,871 N 42ND ST,Rental,24
145,2006,HOMEOWNERSHIP REHABILITATION PROJECT - SOUTHWEST RENEWAL,PHDC,2043 S CECIL ST,Homeownership,9
146,2006,SOUTH LEHIGH HOMESTART,PHDC,2302 W CUMBERLAND ST,Homeownership,10
147,2006,HOME IN BELMONT,FRIENDS REHABILITATION PROGRAM,4020 PARRISH ST,Homeownership,8
148,2006,VERNON HOUSE,PENNROSE,3226 CLIFFORD ST,Rental,68
149,2006,NEW COURTLAND 202,GERMANTOWN HOMES CORP,6950 GERMANTOWN AVE,Rental,60
150,2006,PARKSIDE II,COMMUNITY VENTURES,5130 VIOLA ST,Homeownership,7
151,2006,HOMEOWNERSHIP REHABILITATION PROGRAM - MOLE STREET,"UNIVERSAL COMMUNITY HOMES, YOUTHBUILD",1141 S MOLE ST,Homeownership,4
152,2007,CECIL HOUSING,ACHIEVEABILITY,106 N DEWEY ST,Special Needs,11
153,2007,REINHARD STREET,RESOURCES FOR HUMAN DEVELOPMENT,1220 S 48TH ST,Homeownership,15
154,2007,SUSQUEHANNA VILLAGE,COMMUNITY VENTURES,1421 W SUSQUEHANNA AVE,Rental,50
155,2007,111 W ERIE,IMPACT SERVICES CORP,111 W ERIE AVE,Special Needs,0
156,2007,PRADERA II,APM,1800 N 7TH ST,Homeownership,53
157,2007,IMANI HOMES V,PEC,3844 HAVERFORD AVE,Special Needs,11
158,2007,PHILLIP MURRAY HOUSE II 202,PHILLIP MURRAY II INC.,6300 OLD YORK RD,Rental,70
159,2007,FOP SENIOR CITIZENS,FOP SENIOR CITIZENS,730 BYBERRY RD,Rental,
160,2007,COTTAGE/NEW COURTLAND 811,GERMANTOWN HOMES CORP,6950 GERMANTOWN AVE,Rental,18
161,2008,THE COMMONS AT POINT BREEZE,UNIVERSAL COMMUNITY HOMES,1134 S 15TH ST,Rental,55
162,2007,MONTANA STREET,MT. AIRY CDC,251 MONTANA ST,Homeownership,11
163,2007,YORKTOWN ARMS II,YORKTOWN CDC,1400 N 13TH ST,Rental,37
164,2008,BREWERYTOWN HOMESTART,PHDC,1423 N 30TH ST,Homeownership,5
165,2008,ST. ELIZABETH V,PROJECT HOME,1852 N 23RD ST,Homeownership,15
166,2008,LUDLOW VILLAGE VI,PHILA HOUSING AUTHORITY,1504 N 8TH ST,Homeownership,54
167,2008,REUNIFICATION HOUSE,IMPACT SERVICES CORP,190 W ALLEGHENY AVE,Special Needs,2
168,2008,NEW KENSINGTON,NEW KENSINGTON CDC,2045 E DAUPHIN ST,Homeownership,8
169,2008,CROSS/GREENWICH - UCH,UNIVERSAL COMMUNITY HOMES,2300 CROSS ST,Homeownership,9
170,2008,ST. JOHN NEUMANN'S PLACE,CATHOLIC SOCIAL SERVICES,2600 MOORE ST,Rental,75
171,2008,PROJECT RESTORATION,WOMEN OF EXCELLENCE,2850 N 9TH ST,Special Needs,14
172,2008,DEWEY STREET,"PCAH, ACHIEVEABLITY",119 N RUBY ST,Homeownership,10
173,2008,FRESH START,METHODIST SERVICES,4300 MONUMENT RD,Special Needs,11
174,2008,INGLIS HOUSING/ELMWOOD,INGLIS HOUSE CORP,6200 EASTWICK AVE,Special Needs,40
175,2009,LUDLOW VILLAGE V/PRADERA III,APM,1500 N FRANKLIN ST,Homeownership,25
176,2009,HUNTER SCHOOL,"NORRIS SQUARE, OKKS",2315 N HOWARD ST,Homeownership,50
177,2009,EVELYN SAUNDERS TOWNHOUSES,WCRP,3009 N PERCY ST,Special Needs,49
178,2009,LEHIGH MIXED USE,ALLEGHENY WEST FOUNDATION,1927 W LEHIGH AVE,Rental,5
179,2009,BOOTH MANOR II 202,SALVATION ARMY,5522 ARCH ST,Rental,50
180,2009,NORTHERN HOME FOR CHILDREN,GENERATIONS,5301 RIDGE AVE,Special Needs,8
181,2009,REBA BROWN SENIOR 202,MT. ZION DEV CORP,1450 S 50TH ST,Rental,75
182,2009,MT. TABOR SENIOR CYBER VILLAGE,MT. TABOR CEED,973 N 7TH ST,Rental,56
183,2009,TWIN HOMES AT FRANKFORD CREEK,IMPACT SERVICES CORP,1501 E CAYUGA ST,Homeownership,50
184,2010,NORRIS STREET,PHDC,1600 PAGE ST,Homeownership,7
185,2010,SPRING GARDEN II,MICHAELS DEVELOPMENT,1602 MOUNT VERNON ST,Rental,58
186,2010,CECIL B. MOORE III-2,HERB CDC,1704 N 19TH ST,Homeownership,54
187,2010,LCIP III 811,LIBERTY HOUSING DEV CORP,1100 S BROAD ST,Rental,11
188,2010,FORGOTTEN BLOCKS II,ALLEGHENY WEST FOUNDATION,1923 W SOMERSET ST,Homeownership,15
189,2010,ST. ELIZABETH RECOVERY RESIDENCE,PROJECT HOME,1850 N CROSKEY ST,Special Needs,24
190,2010,LIFE CENTER,HACE,3240 N HANCOCK ST,Rental,0
191,2010,GAUDENZIA - VENANGO PLACE,GAUDENZIA FOUNDATION,2100 W VENANGO ST,Special Needs,21
192,2010,4008 HAVERFORD,"PEC, MASCO",4008 HAVERFORD AVE,Homeownership,1
193,2010,IVY RESIDENCE II,SALVATION ARMY,4050 CONSHOHOCKEN AVE,Rental,53
194,2010,PENNSDALE II,INTERCOMMUNITY ACTION,4200 MITCHELL ST,Rental,38
195,2010,PASCHALL SENIOR 202,FOOD FOR LIFE,6901 WOODLAND AVE,Rental,63
196,2010,LIBERTY COMMUNITY INTEGRATION PROGRAM,LIBERTY RESOURCES,7600 E ROOSEVELT BLVD,Rental,5
197,2010,UNION HILL HOMES,HOMEOWNERSHIP DEVELOPERS LP,3901 ASPEN ST,Homeownership,51
198,2011,FRANCISVILLE EAST,COMMUNITY VENTURES,1500 POPLAR ST,Rental,44
199,2010,HAVEN PENIEL SENIOR 202,HAVEN PENIEL DEV CORP,1615 N 23RD ST,Rental,55
200,2011,PRESSER SENIOR,PHILADELPHIA PRESERVATION,101 W JOHNSON ST,Rental,45
201,2011,ST. JOHN THE EVANGELIST HOUSE,PROJECT HOME,1212 LUDLOW ST,Special Needs,79
202,2011,OSUN VILLAGE SENIOR,"ODUNDE, UNIVERSAL",2308 GRAYS FERRY AVE,Rental,16
203,2011,MY PLACE IN GERMANTOWN,COMMUNITY VENTURES,209 E PRICE ST,Special Needs,12
204,2011,RITES OF PASSAGE,COVENANT HOUSE,2625 KENSINGTON AVE,Special Needs,10
205,2011,STRAWBERRY MANSION 32ND & CBM,COMMUNITY VENTURES,1631 N 32ND ST,Homeownership,11
206,2011,EVELYN SAUNDERS TOWNHOUSES II,WCRP,3029 N PERCY ST,Special Needs,31
207,2011,CECIL B. MOORE III-3,HERB CDC,1900 HARLAN ST,Homeownership,33
208,2011,LAWRENCE COURT,HACE,3300 N 4TH ST,Homeownership,50
209,2011,FATTAH HOMES I,PEC,4017 LANCASTER AVE,Special Needs,6
210,2011,HELP PHILADELPHIA,HELP USA,6100 EASTWICK AVE,Special Needs,63
211,2012,POINT BREEZE HOMEOWNERSHIP,CASHEL,1215 S 27TH ST,Homeownership,5
212,2012,17TH & FEDERAL,COMMUNITY VENTURES,1220 S 17TH ST,Homeownership,11
213,2011,BERNICE ELZA HOMES,PEC,3803 BRANDYWINE ST,Special Needs,6
214,2012,SHERIDAN STREET,PRADERA CORPORATION,1807 N SHERIDAN ST,Homeownership,13
215,2011,DIAMOND STREET INITIATIVE,PENNROSE,3113 DIAMOND ST,Rental,49
216,2011,PENNSDALE II RENT RESERVE,INTERCOMMUNITY ACTION,4200 MITCHELL ST,Rental,10
217,2012,JAMES WIDENER RAY/2101 VENANGO,PROJECT HOME,2101 W VENANGO ST,Special Needs,53
218,2012,FORGOTTEN BLOCKS III,ALLEGHENY WEST FOUNDATION,2722 N GARNET ST,Homeownership,5
219,2012,STRAWBERRY MANSION I,FRIENDS REHABILITATION PROGRAM,1900 N 31ST ST,Homeownership,25
220,2012,LATONA STREET PROJECT,HABITAT FOR HUMANITY,2240 LATONA ST,Homeownership,4
221,2012,WPRE II,WPRE,3605 BRANDYWINE ST,Rental,40
222,2012,GLORIA'S PLACE/3902 SPRING GARDEN,PEC,3902 SPRING GARDEN ST,Special Needs,11
223,2012,OGDEN GARDENS,AUTISM LIVING AND WORKING,4033 OGDEN ST,Special Needs,4
224,2012,CHANDLER SUPPORTED LIVING 811,1260 HOUSING DEVELOPMENT CORPORATION,419 CHANDLER ST,Special Needs,6
225,2012,APARTMENTS AT CLIVEDEN,NEWCOURTLAND ELDER SERVICES,315 W JOHNSON ST,Rental,62
226,2012,SHELTON COURT,GAUDENZIA FOUNDATION,6433 N BROAD ST,Special Needs,20
227,2012,PILGRIM GARDENS SENIOR,PILGRIM GARDENS,7023 RISING SUN AVE,Rental,62
228,2012,4200 STILES,HABITAT FOR HUMANITY,4211 W STILES ST,Homeownership,2
229,2013,COMMUNITY VENTURES - POINT BREEZE SCATTERED,COMMUNITY VENTURES,1310 S 16TH ST,Homeownership,8
230,2013,BELFIELD AVENUE TOWNHOMES,RAISE OF HOPE,1735 BELFIELD AVE,Special Needs,3
231,2012,LEHIGH PARK II REPAIRS,HACE,2622 N LAWRENCE ST,Rental,28
232,2013,GAUDENZIA THOMPSON STREET APTS,GAUDENZIA FOUNDATION,1815 W THOMPSON ST,Rental,6
233,2013,NORTH PHILA COMPLETE BLOCKS - MORSE,HABITAT FOR HUMANITY,1900 MORSE ST,Homeownership,1
234,2013,3909 HAVERFORD REHAB,PEC,3909 HAVERFORD AVE,Rental,6
235,2013,LCIP III,LIBERTY HOUSING DEV CORP,5526 VINE ST,Special Needs,14
236,2013,NORTH STAR POINT BREEZE,NORTH STAR,1415 S 20TH ST,Homeownership,6
237,2013,NORTH PHILA COMPLETE BLOCKS - GRATZ,HABITAT FOR HUMANITY,1815 N GRATZ ST,Homeownership,1
238,2013,WPRE III,WPRE,117 N 50TH ST,Rental,60
239,2014,HOPE HAVEN PRESERVATION (PRESERVATION PROJECTS) - REMOVE,PROJECT HOME,1515 FAIRMOUNT AVE,Special Needs,36
240,2014,JBJ SOUL HOMES,PROJECT HOME,1415 FAIRMOUNT AVE,Special Needs,55
241,2014,PASEO VERDE,APM,1900 N 9TH ST,Rental,53
242,2014,PASEO VERDE NMTC,APM,1900 N 9TH ST,Rental,67
243,2014,NORTH PHILA COMPLETE BLOCKS - WILT,HABITAT FOR HUMANITY,1905 W WILT ST,Homeownership,2
244,2014,LIBERTY AT WELSH ROAD,LIBERTY HOUSING DEV CORP,2628 WELSH RD,Special Needs,2
245,2014,ELI APARTMENTS,IRON STONE CAPITAL PARTNERS,1418 CONLYN ST,Rental,88
246,2014,NUGENT SENIOR CENTER,NOLAN PROPERTIES,221 W JOHNSON ST,Rental,57
247,2014,BEAUMONT INITIATIVE,THE BEAUMONT INITIATIVE,5015 BEAUMONT ST,Homeownership,2
248,2015,LATONA GREEN,INNOVA REDEVELOPMENT,1231 S 17TH ST,Homeownership,10
249,2015,ANTHONY WAYNE SENIOR II,ELON GROUP,1701 S 28TH ST,Rental,46
250,2015,QUEEN AND MCKEEN,HABITAT FOR HUMANITY,424 W QUEEN LN,Homeownership,4
251,2015,HELP PHILADELPHIA IV,HELP USA,7100 GROVERS AVE,Rental,60
252,2015,CROSS/GREENWICH - HABITAT,HABITAT FOR HUMANITY,2325 CROSS ST,Homeownership,6
253,2016,INGERSOLL COMMONS HOMEOWNERSHIP,COMMUNITY VENTURES,1301 N SMEDLEY ST,Homeownership,10
254,2016,ST. RAYMOND'S HOUSE,DEPAUL USA,1330 VERNON RD,Special Needs,28
255,2016,TASKER VILLAGE ENERGY,DIVERSIFIED COMMUNITY SERVICES,1508 S 16TH ST,Rental,28
256,2014,MERRICK HALL RENOVATIONS,NORTHERN CHILDREN SERVICES,5301 RIDGE AVE,Special Needs,12
257,2016,NEWCOURTLAND AT ALLEGHENY,NEWCOURTLAND ELDER SERVICES,1900 W ALLEGHENY AVE,Rental,60
258,2016,NATIVITY BVM SENIOR,CATHOLIC HEALTH CARE SERVICES,3255 BELGRADE ST,Rental,63
259,2016,ALLEGHENY WEST PRESERVATION,ALLEGHENY WEST FOUNDATION,2804 N BAMBREY,Rental,32
260,2017,NEWCOURTLAND AT ALLEGHENY II,NEWCOURTLAND ELDER SERVICES,1900 W ALLEGHENY AVE,Rental,45
261,2016,MT. AIRY CORRIDOR MIXED USE,MT. AIRY CDC,6513 GERMANTOWN AVE,Rental,3
262,2017,LINDLEY COURT,WES CORP,1300 W LINDLEY AVE,Rental,48
263,2017,WINGHOCKING STREET,NICETOWN CDC,2006 W WINGOHOCKING ST,Homeownership,2
264,2017,MT. VERNON MANOR II,MT. VERNON MANOR CDC,3202 MANTUA AVE,Rental,46
265,2018,CENTENNIAL VILLAGE,COMMUNITY VENTURES,1702 N 52ND ST,Rental,52
266,2018,ANN THOMAS PRESBYTERIAN,PRESBY'S INSPIRED LIFE,2000 SOUTH 58TH STREET,Rental,75
267,2019,GLORIA CASAREZ RESIDENCE/1315 N 8TH,PROJECT HOME,1315 N 8TH ST,Special Needs,30
268,2019,VILLAS DEL CARIBE,HACE,167 WEST ALLEGHENY AVENUE,Special Needs,81
269,2019,CANTRELL PLACE,PRESBY'S INSPIRED LIFE,447 CANTRELL ST,Rental,61
270,2018,ANTHONY WAYNE III,ELON GROUP,1701 S 28TH ST,Rental,45
271,2019,HENRY AVENUE SENIOR CAMPUS I,NEWCOURTLAND ELDER SERVICES,3232 HENRY AVE,Rental,49
272,2018,THE LOFTS AT 2601,VOLUNTEERS OF AMERICA,2601 N BROAD ST,Special Needs,56
273,2020,NORTH CENTRAL NEIGHBORHOOD III,PHA,2000 N 11TH ST,Rental,50
274,2020,CENTER CITY AFFORDABILITY INITIATIVE,MISSION FIRST HOUSING GROUP,1237 BELMONT AVE,Special Needs,29
275,2020,HOGAR DE ESPERANZA PHASE II,APM,2203 GERMANTOWN AVE,Rental,20
276,2020,NORTHEAST AFFORDABILITY INITIATIVE,MISSION FIRST HOUSING GROUP,7900 CASTOR AVE,Special Needs,38
277,2020,NORTH CENTRAL NEIGHBORHOOD II,PHA,1914 N 7TH ST,Rental,89
278,2021,MAGUIRE-WILLARD,PROJECT HOME,1920 E ORLEANS ST,Special Needs,42
279,2021,PHILABUNDANCE,PHILABUNDANCE,2224 N 10TH ST,Rental,0
280,2021,SUSQUEHANNA SQUARE,COMMUNITY VENTURES,1601 DIAMOND ST,Rental,37
281,2021,LILLIA CRIPPEN TOWNHOMES PRESERVATION,WCRP,100 W OXFORD ST,Special Needs,46
282,2021,NICOLE HINES TOWNHOUSES,WCRP,417 E WISTER ST,Rental,35
283,2022,ST. RITA PLACE,CATHOLIC HOUSING AND COMM SERV,1148 S BROAD ST,Rental,46
284,2021,FRANCIS HOUSE,FRANCIS HOUSE ON FAIRMOUNT LP,4460 FAIRMOUNT AVE,Rental,60
285,2022,FITZWATER HOMES,HOLY TRINITY BAPTIST CHURCH,1827 FITZWATER ST,Rental,22
286,2022,APARTMENTS AT NEW MARKET WEST,MISSION FIRST HOUSING GROUP,13 N SALFORD ST,Rental,41
287,2022,PEG'S PLACE,PROJECT HOME,1301 N 8TH ST,Special Needs,40
288,2022,NORRIS HOMES PHASE V,JONATHAN ROSE COMPANIES,1900 NORTH 10TH STREET,Rental,133
289,2022,HOGAR DE ESPERANZA PHASE III,APM,2203 GERMANTOWN AVENUE,Rental;Special Needs,20
290,2022,SUSQUEHANNA HOUSING,"SUSQUEHANNA NET ZERO HOUSING, LP",2601 WEST FLETCHER STREET,Rental,80
291,2023,SCHOOL OF NURSING,PROJECT HOME,115 E HUNTINGDON ST,Rental,50
292,2023,MAMIE NICHOLS TOWNHOMES,WCRP,1400 S TAYLOR ST,Special Needs,33
293,2022,INGLIS APARTMENTS AT ELMWOOD,INGLIS HOUSING CORPORATION,6200 EASTWICK AVENUE,Special Needs,40
294,2023,RAFAEL PORRATA-DORIA PLACE,HACE,2739 N 5TH ST,Rental,30
295,2023,KAREN DONNALLY/IRIS NYDIA BROWN TOWNHOMES PRESERVATION,WOMEN'S COMMUNITY REVITALIZATION PROJECT,312 W DIAMOND STREET,Rental,44
296,2023,CARL MACKLEY APARTMENTS,WINN DEVELOPMENT,1401 E BRISTOL STREET,Rental,184
297,2023,MONUMENT VILLAGE*,MISSION FIRST HOUSING GROUP,4101 EDGLEY AVE,Rental;Special Needs,60
298,2024,YORKTOWN ARMS,YORKTOWN CDC,1400 N 13TH ST,Rental,56
299,2024,BE A GEM CROSSING,NORTH10 PHILADELPHIA,3226 GERMANTOWN AVE,Rental,41
300,2024,MILL DEVELOPMENT @ A & INDIANA,IMPACT SERVICES,124 E INDIANA AVE,Rental;Special Needs,48
301,2024,PARKSIDE NEIGHBORHOOD PRESERV,MISSION FIRST HOUSING GROUP,4244 PARKSIDE AVENUE,Special Needs,82
303,2024,FRANKFORD HOUSE,WASSERMAN PROPERTIES,1611 RUAN ST,Rental,42
305,2023,(THE) ALLEGHENY WEST,SAA-EVI,2221 W VENANGO ST,Rental,45
308,1995,GRAYS FERRY,MICHAELS DEVELOPMENT,3100-50 WHARTON STREET,Rental,70
309,1995,LEHIGH PARK I,CANUS,2600-20 N LAWRENCE ST,Rental,29
310,1995,ADOLFINA VILLANUEVA II,WCRP,719-35 WEST SOMERSET STREET,Rental,30
311,1995,LOWER GERMANTOWN I,GGHDC,SCATTERED SITES,Rental,50
312,1995,YOUTHBUILD - POINT BREEZE,"OCTAVIA HILL, YOUTHBUILD",POINT BREEZE,Rental,22
313,1996,KAN/KARP (KOT PROPERTIES),KAN/KARP,SCATTERED - KENSINGTON,Rental,10
314,1998,THOMPSON/WALNUT INITIATIVE,1260 HOUSING DEVELOPMENT CORPORATION,WALNUT/THOMPSON,Special Needs,35
315,1998,HADDINGTON I,PCAH,VIC. 54TH/SUMMER,Special Needs,21
316,1998,SARAH ALLEN III SENIOR,FRIENDS REHABILITATION PROGRAM,41ST AND BROWN,Rental,87
317,1998,SARAH ALLEN IV,FRIENDS REHABILITATION PROGRAM,41/BROWN,Rental,40
318,1998,PORT RICHMOND,OCTAVIA HILL,2423-29 E CAMBRIA ST,Rental,32
319,1996,TASKER VILLAGE,PENNROSE,1508-40 S 16TH ST,Rental,28
320,1998,PRESTON STREET,1260 HOUSING DEVELOPMENT CORPORATION,418-28 N PRESTON ST,Special Needs,7
321,1998,YORKTOWN ARMS,YORKTOWN CDC,13TH AND MASTER,Rental,56
322,1998,SPENCER'S PLACE,PENNROSE,716-30 N 36TH ST,Rental,22
323,1998,ROWAN HOUSE,PEC,39TH & BARING,Special Needs,26
324,1999,HADDINGTON II,PCAH,HADDINGTON SCATTERED SITE,Special Needs,28
325,1999,CASA CARIBE 202,HACE,173-83 WEST ALLEGHENY AVENUE,Rental,52
326,2000,MARLTON RESIDENCES,"PENNROSE, WE THE PEOPLE",1721-31 MARLTON AVE,Special Needs,25
327,2000,HADDINGTON III,PCAH,SCATTERED - HADDINGTON,Special Needs,20
328,2000,REED STREET SRO,SALVATION ARMY,32ND & REED,Special Needs,67
329,2001,ROWAN HOMES II,PROJECT HOME,1900-06 JUDSON ST,Special Needs,32
330,2001,NORRIS SQUARE SENIOR,NORRIS SQUARE,2121-37 N HOWARD ST,Rental,35
331,2001,CHATHAM,INGERMAN,242-52 S 49TH ST,Rental,40
332,2001,CECIL B. MOORE BEECHWOOD,"PHDC, BEECH",1616 N 19TH ST Â ,Homeownership,14
333,1999,4TH STREET ACCESS,"APM, 11260 HOUSING DEVELOPMENT CORPORATION",1912-30 N 4TH ST,Special Needs,24
334,2001,HOMESTART MANTUA,PHDC,3816-18 FAIRMOUNT AVE,Homeownership,1
335,2001,RALPH MOSES HOUSE,FAMILY AND COMMUNITY SERVICE OF DELAWARE COUNTY,CHESTER CITY,Special Needs,12
336,2002,VETEREN SHARED HOUSING,IMPACT SERVICES CORP,118-60 E INDIANA AVE,Special Needs,7
337,2001,HOMEOWNERSHIP REHABILITATION PROGRAM,VARIOUS,SCATTERED,Homeownership,40
338,2002,REED STREET PRESBYTERIAN,PRESBYTERIAN HOMES,1401-35 S 16TH ST,Rental,84
339,2001,SHARSWOOD,MICHAELS DEVELOPMENT,1412-22 N 23RD ST,Rental,71
340,2001,DRUEDING RAINBOW,DRUEDING APARTMENTS,1328-36 N 4TH ST,Special Needs,10
341,2002,INGLIS GARDENS AT EASTWICK II,INGLIS HOUSE CORP,3026-70 MARIO LANZA BLVD,Rental,18
342,2002,RUDOLPHY/MERCY DOUGLASS 811,MERCY DOUGLASS,3827-33 POWELTON AVE,Rental,17
343,2002,RALSTON/MERCY DOUGLAS HOUSE,RALSTON/MERCY DOUGLAS,3817-39 MARKET ST,Rental,55
344,2002,ROWAN HOMES I,PROJECT HOME,2721-33 DIAMOND ST,Special Needs,8
345,2002,FAMILIES FIRST,PEC,3939-49 WARREN ST,Special Needs,0
346,2002,INTERIM HOUSE WEST,PHILA HEALTH MGMT CORP,4108-20 PARKSIDE AVE,Special Needs,20
347,2002,HOLMES SCHOOL,NEIGHBORHOOD RESTORATION,5429-55 CHESTNUT ST,Rental,42
348,2002,HOMEOWNERSHIP REHABILITATION PROGRAM,VARIOUS,SCATTERED,Homeownership,44
349,2003,VETERANS SHARED HOUSING,IMPACT SERVICES CORP,118-60 E INDIANA AVE,Special Needs,10
350,2003,SPRING GARDEN,COMMUNITY BUILDERS,1711-13 WALLACE ST,Rental,49
351,2002,POTTER'S HOUSE,POTTER'S HOUSE MISSION,524-26 S 52ND ST,Special Needs,14
352,2002,LILLIA CRIPPEN TOWNHOUSES II,WCRP,1826-46 N 6TH ST,Special Needs,20
353,2003,CECIL B. MOORE HOMEOWNERSHIP ZONE I-A-1,CBM HDC/PHDC,1623-31 N 18TH ST,Homeownership,3
354,2003,MELVILLE WAY,TRAVELER AID - MELVILLE WAY,4520-22 WALNUT ST,Special Needs,8
355,2003,SEARS STREET II,PHDC,2731-33 SEARS ST,Homeownership,1
356,2003,HOMEOWNERSHIP REHABILITATION PROGRAM,VARIOUS,SCATTERED,Homeownership,30
357,2003,SPRING GARDEN,COMMUNITY BUILDERS,SCATTERED SITE,Rental,48
358,2000,WCRP BERKS STREET,WCRP,6TH & BERKS,Rental,26
359,2004,INGLIS ACCESSIBLE HOUSING INITIATIVE,1260 HOUSING DEVELOPMENT CORPORATION,11901-13 ACADEMY RD,Special Needs,11
360,2004,VISITATION TRANSITIONAL HOUSING,CATHOLIC CHARITIES ARCHDIOCESE,2622-38 KENSINGTON AVE,Special Needs,18
361,2003,ELKINS RESIDENCE,ALBERT EINSTEIN,5401-65 OLD YORK RD,Special Needs,73
362,2004,ST. IGNATIUS SENIOR,ST. IGNATIUS NURSING HOME,4400-58 FAIRMOUNT AVE,Rental,67
363,2004,ELDERS PLACE 202,GGHDC,76-88 COLLOM ST,Rental,40
364,2004,CALCUTTA HOUSE EXP,CALCUTTA HOUSE,1221-33 N 19TH ST,Special Needs,9
365,2003,MLK PHASE III DEMOLITION,"PENNROSE, UNIVERSAL",900-1001 12TH ST,Rental,45
366,2004,HOMEOWNERSHIP REHABILITATION PROGRAM,VARIOUS,SCATTERED,Homeownership,24
367,2004,MEND II,VARIOUS,SCATTERED,Rental,8
368,2005,CENTER IN THE PARK,PENNROSE,24-50 W RITTENHOUSE ST,Rental,70
369,2005,MONUMENT MEWS,1260 HOUSING DEVELOPMENT CORPORATION,4101L EDGLEY AVE,Special Needs,60
370,2005,IMANI HOMES IV,PEC,3934-36 LANCASTER AVE,Special Needs,8
371,2005,PRESBYTERIAN HOMES,PRESBYTERIAN HOMES,501-35 JACKSON ST,Rental,67
372,2005,CARIBE TOWERS 202,HACE,3231-65 N 2ND ST,Rental,57
373,2005,MLK PHASE IV DEMOLITION,"PENNROSE, UNIVERSAL","CATHERINE, WEBSTER, MONTROSE, CHRISTIAN",Rental,42
374,2005,HOMEOWNERSHIP REHABILITATION PROGRAM,VARIOUS,SCATTERED,Homeownership,37
375,2005,THE SHELDRAKE/4901 SPRUCE,PENNROSE,4901-09 SPRUCE ST,Rental,33
376,2005,KAREN DONNALLY,WCRP,2028-40 N 4TH ST,Special Needs,32
377,2006,SIMPSON SENIOR SERVICES,"SIMPSON SENIOR SERVICES, INC.",1001-11 GREEN ST,Rental,40
378,2006,CORAL STREET APTS,NEW KENSINGTON CDC,2446-68 CORAL ST,Rental,27
379,2006,HOMEOWNERSHIP REHABILITATION PROGRAM,VARIOUS,SCATTERED,Homeownership,29
380,2006,MASCHER STREET TOWNHOUSES,WCRP,2742-70 MASCHER ST,Special Needs,12
381,2006,RESPITE II,CATCH,1208-12 S 15TH ST,Special Needs,16
382,2005,CASA NUEVA VIDA,"PCAH, ACTIONAIDS",2629-41 N 6TH ST,Special Needs,12
383,2007,INGLIS GARDENS WASHINGTON 811,INGLIS HOUSE CORP,1200-06 E WASHINGTON LN,Rental,15
384,2007,CECIL B. MOORE III-1,HERB CDC,1501 N UBER ST Â ,Homeownership,64
385,2006,GAUDENZIA - TIOGA ARMS,GAUDENZIA FOUNDATION,1828-30 W TIOGA ST,Special Needs,30
386,2007,MANTUA 811,1260 HOUSING DEVELOPMENT CORPORATION,3613-19 FAIRMOUNT AVE,Rental,10
387,2007,MELON SIL 811,COLUMBUS PROPERTY MGMT,3616-28 MELON ST,Rental,10
388,2007,HOMEOWNERSHIP REHABILITATION PROGRAM,VARIOUS,SCATTERED,Homeownership,53
389,2007,SHARSWOOD II,MICHAELS DEVELOPMENT,2100-42 JEFFERSON ST,Rental,60
390,2007,POWELTON HEIGHTS,1260 HOUSING DEVELOPMENT CORPORATION,4113-43 WARREN ST,Special Needs,48
391,2007,CLOISTERS III,PEC,3812-14 HAVERFORD AVE,Special Needs,50
392,2008,HOMEOWNERSHIP REHABILITATION PROGRAM,VARIOUS,SCATTERED,Homeownership,14
393,2009,HOMEOWNERSHIP REHABILITATION PROGRAM,VARIOUS,SCATTERED,Homeownership,30
394,2008,ANGELA COURT II,ST. IGNATIUS NURSING HOME,4400-58 FAIRMOUNT AVE,Rental,54
395,2008,INGLIS GARDENS GERMANTOWN 811,INGLIS HOUSE CORP,332-34 E WALNUT LN,Rental,15
396,2010,HOMEOWNERSHIP REHABILITATION PROGRAM,VARIOUS,SCATTERED,Homeownership,26
397,2010,MANTUA PRESBYTERIAN 202,PRESBYTERIAN,600-18 N 34TH ST,Rental,65
398,2011,CASA FARNESE 202,CASA FARNESE,1300-28 LOMBARD ST,Rental,288
399,2007,KEYSTONE HOUSING,KEYSTONE HOSPICE,8765 STENTON AVENUE,Special Needs,19
400,2011,DUAL DIAGNOSIS PROGRAM,IMPACT SERVICES CORP,118-60 E INDIANA AVE,Special Needs,8
401,2011,HOMEOWNERSHIP REHABILITATION PROGRAM,VARIOUS,SCATTERED,Homeownership,8
402,2011,CASA FARNESE 202,CASA FARNESE,1300-28 LOMBARD ST,Rental,288
403,2011,HANCOCK MANOR,IMPACT SERVICES CORP,164-76 W ALLEGHENY AVE,Special Needs,45
404,2012,HOMEOWNERSHIP REHABILITATION PROGRAM,VARIOUS,SCATTERED,Homeownership,9
405,2010,TEMPLE I PRESERVATION,1260 HOUSING DEVELOPMENT CORPORATION,1700-04 N 16TH ST,Rental,58
406,2012,JANNIE'S PLACE,PEC,3902-14 SPRING GARDEN ST,Special Needs,29
407,2012,PATRIOT HOUSE,CATCH,1221-25 S 15TH ST,Special Needs,15
408,2013,HOMEOWNERSHIP REHABILITATION PROGRAM,VARIOUS,VARIOUS,Homeownership,
409,2013,ROXBOROUGH REDEVELOPMENT,OCTAVIA HILL,376-86 DUPONT ST,Rental,6
410,2013,ST. MARON HALL,INGERMAN,921-31 ELLSWORTH ST,Rental,64
411,2012,NICETOWN COURT,NICETOWN CDC,4330-50 GERMANTOWN AVE,Rental,37
412,2014,LEHIGH PARK I REPAIRS,HACE,2600-20 N LAWRENCE ST,Rental,48
413,2014,PRESERVATION PROJECTS,PROJECT HOME,2825-29 DIAMOND ST,Special Needs,112
414,2014,LIBERTY AT DISSTON,LIBERTY HOUSING DEV CORP,4800-04 DISSTON ST,Special Needs,5
415,2014,FATTAH HOMES II,PEC,3811-13 HAVERFORD AVE,Special Needs,6
416,2014,JOHN ANDERSON/WILLIAM WAY SENIOR,PENNROSE,249-57 S 13TH ST,Rental,56
417,2014,MT. VERNON MANOR,MT. VERNON MANOR CDC,3228-30 WALLACE ST,Rental,75
418,2014,SARTAIN APARTMENTS,NEWCOURTLAND ELDER SERVICES,3017-45 W OXFORD ST,Rental,35
419,2014,WALNUT PARK PLAZA,WALNUT PARK PLAZA LLC,6232-50 WALNUT ST,Rental,224
420,2014,SOJOURNER HOUSE,WOMEN AGAINST ABUSE,6027-33 GERMANTOWN AVE,Special Needs,15
421,2014,NICETOWN COURT II,NICETOWN CDC,4413-21 GERMANTOWN AVE,Rental,50
422,2016,TAJDEED,ARAB AMERICAN DEV CORP,1505-13 CADWALLADER ST,Rental,45
423,2015,BIGHAM PLACE,PEC,4226-32 POWELTON AVE,Special Needs,11
424,2014,TILLMON VILLANUEVA TOWNHOMES,WCRP,701-17 W SOMERSET ST,Special Needs,77
425,2016,ORINOKA MILLS,NEW KENSINGTON CDC,2721-77 RUTH ST,Rental,51
426,2016,WYNNEFIELD PLACE,PRESBY'S INSPIRED LIFE,1717-25 N 54TH ST,Rental,48
427,2017,WYNNE SENIOR RESIDENCES,PENNROSE,2001-11 N 54TH ST,Rental,50
428,2017,BLUMBERG APARTMENTS I,PHILA HOUSING AUTHORITY,1500-02 N 24TH ST,Rental,57
429,2016,FAIRTHORNE SENIOR,INTERCOMMUNITY ACTION,6761-63 RIDGE AVE,Rental,40
430,2018,APM PRESERVATION,APM,2011-25 N MARSHALL ST,Rental,80
431,2018,TIOGA FAMILY,GAUDENZIA FOUNDATION,1822-26 W TIOGA ST,Special Needs,24
432,2021,GALA-GOLDEN AGE LIVING ACCOM,"CONIFER REALTY, LLC",6845-49 LIMEKILN PIKE,Rental,50
433,2018,RUTH WILLIAMS HOUSE,PROJECT HOME,2413-29 N BROAD ST,Special Needs,88
434,2021,LIBERTY 52: STEPHEN F. GOLD COMMUNITY RESIDENCES,LIBERTY HOUSING DEVELOPMENT CORP,5208-28 POPLAR ST,Special Needs,24
435,2022,ROWAN JUDSON DIAMOND,PROJECT HOME,1901-27 JUDSON ST,Special Needs,39
436,2022,HELP PHILADELPHIA VI,HELP DEVELOPMENT CORP,2300-52 JEFFERSON ST,Special Needs,55
437,2020,CASA INDIANA,HACE,2935-65 N 2ND ST,Rental,50
438,2023,SHARSWOOD PHASE I,HUNT DEVELOPMENT GROUP,2000-2026 SEYBERT,Rental,60
439,2023,8TH AND BERKS SENIOR LIVING,APM,1821-61 N 8TH ST,Rental,44
440,2023,GAUDENZIA WEST MILL PLACE,"GAUDENZIA FOUNDATION, INC.",916 -36 NORTH 51ST STREET,Rental;Special Needs,30
441,2024,SHARSWOOD PHASE 2,"HUNT DEVELOPMENT GROUP, LLC",2401-55 STEWART ST,Rental,59
442,2022,WALNUT PARK PLAZA,"ALTMAN MANAGEMENT COMPANY, INC.",6232-50 WALNUT ST,Rental,227
443,2019,ROBERTO CLEMENTE HOMES,NUEVA ESPERANZA,3921-61 N 5TH ST,Rental,38